Année,Chaîne,Part d'audience
1989,TF1,"41,0"
1990,TF1,"41,9"
1991,TF1,"42,1"
1992,TF1,"41,0"
1993,TF1,"41,0"
1994,TF1,"39,5"
1995,TF1,"37,3"
1996,TF1,"35,4"
1997,TF1,"35,0"
1998,TF1,"35,3"
1999,TF1,"35,1"
2000,TF1,"33,4"
2001,TF1,"32,7"
2002,TF1,"32,7"
2003,TF1,"31,5"
2004,TF1,"31,8"
2005,TF1,"32,3"
2006,TF1,"31,6"
2007,TF1,"30,7"
2008,TF1,"27,2"
2009,TF1,"26,1"
2010,TF1,"24,5"
2011,TF1,"23,7"
2012,TF1,"22,7"
2013,TF1,"22,8"
2014,TF1,"22,9"
2015,TF1,"21,4"
2016,TF1,"20,4"
2017,TF1,"20,0"
2018,TF1,"20,2"
2019,TF1,"19,5"
2020,TF1,"19,2"
2021,TF1,"19,7"
2022,TF1,"18,7"
2023,TF1,"18,6"
2024,TF1,"18,7"
1989,France 2,"23,4"
1990,France 2,"22,1"
1991,France 2,"21,3"
1992,France 2,"24,0"
1993,France 2,"24,7"
1994,France 2,"25,0"
1995,France 2,"23,8"
1996,France 2,"24,2"
1997,France 2,"23,7"
1998,France 2,"22,5"
1999,France 2,"22,3"
2000,France 2,"22,1"
2001,France 2,"21,1"
2002,France 2,"20,8"
2003,France 2,"20,5"
2004,France 2,"20,5"
2005,France 2,"19,8"
2006,France 2,"19,2"
2007,France 2,"18,1"
2008,France 2,"17,5"
2009,France 2,"16,7"
2010,France 2,"16,1"
2011,France 2,"14,9"
2012,France 2,"14,9"
2013,France 2,"14,0"
2014,France 2,"14,1"
2015,France 2,"14,3"
2016,France 2,"13,4"
2017,France 2,"13,0"
2018,France 2,"13,5"
2019,France 2,"13,9"
2020,France 2,"14,1"
2021,France 2,"14,7"
2022,France 2,"14,8"
2023,France 2,"15,3"
2024,France 2,"15,8"
1989,France 3,"10,3"
1990,France 3,"11,0"
1991,France 3,"11,3"
1992,France 3,"13,6"
1993,France 3,"14,6"
1994,France 3,"15,7"
1995,France 3,"17,6"
1996,France 3,"17,7"
1997,France 3,"17,1"
1998,France 3,"17,0"
1999,France 3,"16,3"
2000,France 3,"16,8"
2001,France 3,"17,1"
2002,France 3,"16,4"
2003,France 3,"16,1"
2004,France 3,"15,2"
2005,France 3,"14,7"
2006,France 3,"14,7"
2007,France 3,"14,1"
2008,France 3,"13,3"
2009,France 3,"11,8"
2010,France 3,"10,7"
2011,France 3,"9,7"
2012,France 3,"9,7"
2013,France 3,"9,5"
2014,France 3,"9,4"
2015,France 3,"9,2"
2016,France 3,"9,1"
2017,France 3,"9,1"
2018,France 3,"9,4"
2019,France 3,"9,3"
2020,France 3,"9,4"
2021,France 3,"9,4"
2022,France 3,"9,4"
2023,France 3,"9,0"
2024,France 3,"8,9"
1989,Canal+,"4,4"
1990,Canal+,"4,3"
1991,Canal+,"4,6"
1992,Canal+,"5,0"
1993,Canal+,"4,9"
1994,Canal+,"4,6"
1995,Canal+,"4,4"
1996,Canal+,"4,5"
1997,Canal+,"4,5"
1998,Canal+,"4,6"
1999,Canal+,"4,5"
2000,Canal+,"4,1"
2001,Canal+,"3,6"
2002,Canal+,"3,5"
2003,Canal+,"3,7"
2004,Canal+,"3,8"
2005,Canal+,"3,6"
2006,Canal+,"3,4"
2007,Canal+,"3,4"
2008,Canal+,"3,3"
2009,Canal+,"3,1"
2010,Canal+,"3,1"
2011,Canal+,"3,1"
2012,Canal+,"2,9"
2013,Canal+,"2,8"
2014,Canal+,"2,6"
2015,Canal+,"2,6"
2016,Canal+,"1,7"
2017,Canal+,"1,2"
2018,Canal+,"1,2"
2019,Canal+,"1,3"
2020,Canal+,"1,2"
2021,Canal+,"1,1"
2022,Canal+,"1,2"
2023,Canal+,"1,2"
2024,Canal+,"1,3"
1989,La 5,"13,0"
1990,La 5,"11,7"
1991,La 5,"10,9"
1992,La 5,
1993,La 5,
1994,La 5,
1995,La 5,
1996,La 5,
1997,La 5,
1998,La 5,
1999,La 5,
2000,La 5,
2001,La 5,
2002,La 5,
2003,La 5,
2004,La 5,
2005,La 5,
2006,La 5,
2007,La 5,
2008,La 5,
2009,La 5,
2010,La 5,
2011,La 5,
2012,La 5,
2013,La 5,
2014,La 5,
2015,La 5,
2016,La 5,
2017,La 5,
2018,La 5,
2019,La 5,
2020,La 5,
2021,La 5,
2022,La 5,
2023,La 5,
2024,La 5,
1989,France 5,
1990,France 5,
1991,France 5,
1992,France 5,
1993,France 5,
1994,France 5,
1995,France 5,"1,3"
1996,France 5,"1,6"
1997,France 5,"1,8"
1998,France 5,"1,9"
1999,France 5,"1,9"
2000,France 5,"1,8"
2001,France 5,"1,9"
2002,France 5,"2,3"
2003,France 5,"2,9"
2004,France 5,"3,0"
2005,France 5,"3,1"
2006,France 5,"3,1"
2007,France 5,"3,3"
2008,France 5,"3,0"
2009,France 5,"3,1"
2010,France 5,"3,2"
2011,France 5,"3,3"
2012,France 5,"3,5"
2013,France 5,"3,3"
2014,France 5,"3,2"
2015,France 5,"3,4"
2016,France 5,"3,4"
2017,France 5,"3,6"
2018,France 5,"3,5"
2019,France 5,"3,6"
2020,France 5,"3,5"
2021,France 5,"3,3"
2022,France 5,"3,6"
2023,France 5,"3,5"
2024,France 5,"3,5"
1989,M6 ,"6,4"
1990,M6 ,"7,3"
1991,M6 ,"8,0"
1992,M6 ,"10,2"
1993,M6 ,"11,2"
1994,M6 ,"11,4"
1995,M6 ,"11,5"
1996,M6 ,"11,9"
1997,M6 ,"12,7"
1998,M6 ,"12,9"
1999,M6 ,"13,6"
2000,M6 ,"12,7"
2001,M6 ,"13,5"
2002,M6 ,"13,2"
2003,M6 ,"12,6"
2004,M6 ,"12,5"
2005,M6 ,"12,6"
2006,M6 ,"12,5"
2007,M6 ,"11,5"
2008,M6 ,"11,0"
2009,M6 ,"10,8"
2010,M6 ,"10,4"
2011,M6 ,"10,8"
2012,M6 ,"11,2"
2013,M6 ,"10,6"
2014,M6 ,"10,1"
2015,M6 ,"9,9"
2016,M6 ,"10,2"
2017,M6 ,"9,5"
2018,M6 ,"9,1"
2019,M6 ,"8,9"
2020,M6 ,"9,0"
2021,M6 ,"9,1"
2022,M6 ,"8,4"
2023,M6 ,"8,1"
2024,M6 ,"7,8"
1989,Arte,
1990,Arte,
1991,Arte,
1992,Arte,
1993,Arte,"0,9"
1994,Arte,"1,0"
1995,Arte,"1,2"
1996,Arte,"1,4"
1997,Arte,"1,5"
1998,Arte,"1,6"
1999,Arte,"1,7"
2000,Arte,"1,6"
2001,Arte,"1,6"
2002,Arte,"1,6"
2003,Arte,"1,8"
2004,Arte,"2,0"
2005,Arte,"1,8"
2006,Arte,"1,6"
2007,Arte,"1,8"
2008,Arte,"1,7"
2009,Arte,"1,7"
2010,Arte,"1,6"
2011,Arte,"1,5"
2012,Arte,"1,8"
2013,Arte,"2,0"
2014,Arte,"2,0"
2015,Arte,"2,2"
2016,Arte,"2,3"
2017,Arte,"2,2"
2018,Arte,"2,4"
2019,Arte,"2,6"
2020,Arte,"2,9"
2021,Arte,"2,9"
2022,Arte,"2,9"
2023,Arte,"2,9"
2024,Arte,"3,0"
1989,C8,
1990,C8,
1991,C8,
1992,C8,
1993,C8,
1994,C8,
1995,C8,
1996,C8,
1997,C8,
1998,C8,
1999,C8,
2000,C8,
2001,C8,
2002,C8,
2003,C8,
2004,C8,
2005,C8,
2006,C8,
2007,C8,"0,2"
2008,C8,"0,7"
2009,C8,"1,4"
2010,C8,"2,0"
2011,C8,"2,3"
2012,C8,"2,3"
2013,C8,"3,2"
2014,C8,"3,3"
2015,C8,"3,4"
2016,C8,"3,4"
2017,C8,"3,3"
2018,C8,"3,0"
2019,C8,"2,9"
2020,C8,"2,6"
2021,C8,"2,6"
2022,C8,"2,8"
2023,C8,"3,1"
2024,C8,"3,0"
1989,W9,
1990,W9,
1991,W9,
1992,W9,
1993,W9,
1994,W9,
1995,W9,
1996,W9,
1997,W9,
1998,W9,
1999,W9,
2000,W9,
2001,W9,
2002,W9,
2003,W9,
2004,W9,
2005,W9,
2006,W9,
2007,W9,"0,9"
2008,W9,"1,8"
2009,W9,"2,5"
2010,W9,"3,0"
2011,W9,"3,4"
2012,W9,"3,2"
2013,W9,"2,9"
2014,W9,"2,6"
2015,W9,"2,6"
2016,W9,"2,5"
2017,W9,"2,6"
2018,W9,"2,6"
2019,W9,"2,5"
2020,W9,"2,6"
2021,W9,"2,5"
2022,W9,"2,3"
2023,W9,"2,3"
2024,W9,"2,2"
1989,TMC,
1990,TMC,
1991,TMC,
1992,TMC,
1993,TMC,
1994,TMC,
1995,TMC,
1996,TMC,
1997,TMC,
1998,TMC,
1999,TMC,
2000,TMC,
2001,TMC,
2002,TMC,
2003,TMC,
2004,TMC,
2005,TMC,
2006,TMC,
2007,TMC,"1,2"
2008,TMC,"2,1"
2009,TMC,"2,6"
2010,TMC,"3,3"
2011,TMC,"3,5"
2012,TMC,"3,6"
2013,TMC,"3,4"
2014,TMC,"3,1"
2015,TMC,"3,1"
2016,TMC,"3,0"
2017,TMC,"3,2"
2018,TMC,"3,0"
2019,TMC,"3,1"
2020,TMC,"3,0"
2021,TMC,"3,0"
2022,TMC,"3,0"
2023,TMC,"3,1"
2024,TMC,"2,9"
1989,TFX,
1990,TFX,
1991,TFX,
1992,TFX,
1993,TFX,
1994,TFX,
1995,TFX,
1996,TFX,
1997,TFX,
1998,TFX,
1999,TFX,
2000,TFX,
2001,TFX,
2002,TFX,
2003,TFX,
2004,TFX,
2005,TFX,
2006,TFX,
2007,TFX,"0,6"
2008,TFX,"1,0"
2009,TFX,"1,4"
2010,TFX,"1,6"
2011,TFX,"1,9"
2012,TFX,"2,1"
2013,TFX,"2,1"
2014,TFX,"1,8"
2015,TFX,"2,0"
2016,TFX,"1,9"
2017,TFX,"2,0"
2018,TFX,"1,9"
2019,TFX,"1,8"
2020,TFX,"1,6"
2021,TFX,"1,5"
2022,TFX,"1,5"
2023,TFX,"1,5"
2024,TFX,"1,7"
1989,NRJ12,
1990,NRJ12,
1991,NRJ12,
1992,NRJ12,
1993,NRJ12,
1994,NRJ12,
1995,NRJ12,
1996,NRJ12,
1997,NRJ12,
1998,NRJ12,
1999,NRJ12,
2000,NRJ12,
2001,NRJ12,
2002,NRJ12,
2003,NRJ12,
2004,NRJ12,
2005,NRJ12,
2006,NRJ12,
2007,NRJ12,"0,4"
2008,NRJ12,"1,0"
2009,NRJ12,"1,5"
2010,NRJ12,"1,9"
2011,NRJ12,"2,3"
2012,NRJ12,"2,4"
2013,NRJ12,"2,2"
2014,NRJ12,"1,9"
2015,NRJ12,"1,8"
2016,NRJ12,"1,7"
2017,NRJ12,"1,6"
2018,NRJ12,"1,5"
2019,NRJ12,"1,5"
2020,NRJ12,"1,3"
2021,NRJ12,"1,2"
2022,NRJ12,"1,1"
2023,NRJ12,"1,0"
2024,NRJ12,"0,9"
1989,France 4,
1990,France 4,
1991,France 4,
1992,France 4,
1993,France 4,
1994,France 4,
1995,France 4,
1996,France 4,
1997,France 4,
1998,France 4,
1999,France 4,
2000,France 4,
2001,France 4,
2002,France 4,
2003,France 4,
2004,France 4,
2005,France 4,
2006,France 4,
2007,France 4,"0,4"
2008,France 4,"0,9"
2009,France 4,"1,1"
2010,France 4,"1,6"
2011,France 4,"2,0"
2012,France 4,"2,1"
2013,France 4,"1,8"
2014,France 4,"1,6"
2015,France 4,"1,7"
2016,France 4,"1,9"
2017,France 4,"1,8"
2018,France 4,"1,6"
2019,France 4,"1,6"
2020,France 4,"1,2"
2021,France 4,"0,8"
2022,France 4,nd
2023,France 4,nd
2024,France 4,nd
1989,BFMTV,
1990,BFMTV,
1991,BFMTV,
1992,BFMTV,
1993,BFMTV,
1994,BFMTV,
1995,BFMTV,
1996,BFMTV,
1997,BFMTV,
1998,BFMTV,
1999,BFMTV,
2000,BFMTV,
2001,BFMTV,
2002,BFMTV,
2003,BFMTV,
2004,BFMTV,
2005,BFMTV,
2006,BFMTV,
2007,BFMTV,"0,2"
2008,BFMTV,"0,4"
2009,BFMTV,"0,7"
2010,BFMTV,"0,9"
2011,BFMTV,"1,4"
2012,BFMTV,"1,8"
2013,BFMTV,"1,9"
2014,BFMTV,"2,0"
2015,BFMTV,"2,2"
2016,BFMTV,"2,3"
2017,BFMTV,"2,7"
2018,BFMTV,"2,6"
2019,BFMTV,"2,3"
2020,BFMTV,"2,9"
2021,BFMTV,"2,9"
2022,BFMTV,"3,3"
2023,BFMTV,"3,0"
2024,BFMTV,"2,9"
1989,CNews,
1990,CNews,
1991,CNews,
1992,CNews,
1993,CNews,
1994,CNews,
1995,CNews,
1996,CNews,
1997,CNews,
1998,CNews,
1999,CNews,
2000,CNews,
2001,CNews,
2002,CNews,
2003,CNews,
2004,CNews,
2005,CNews,
2006,CNews,
2007,CNews,"0,3"
2008,CNews,"0,3"
2009,CNews,"0,5"
2010,CNews,"0,7"
2011,CNews,"0,8"
2012,CNews,"0,8"
2013,CNews,"0,8"
2014,CNews,"0,9"
2015,CNews,"1,0"
2016,CNews,"0,9"
2017,CNews,"0,6"
2018,CNews,"0,7"
2019,CNews,"0,8"
2020,CNews,"1,4"
2021,CNews,"2,0"
2022,CNews,"2,1"
2023,CNews,"2,3"
2024,CNews,"2,9"
1989,CStar,
1990,CStar,
1991,CStar,
1992,CStar,
1993,CStar,
1994,CStar,
1995,CStar,
1996,CStar,
1997,CStar,
1998,CStar,
1999,CStar,
2000,CStar,
2001,CStar,
2002,CStar,
2003,CStar,
2004,CStar,
2005,CStar,
2006,CStar,
2007,CStar,"0,4"
2008,CStar,"0,5"
2009,CStar,"0,7"
2010,CStar,"1,0"
2011,CStar,"1,2"
2012,CStar,"1,2"
2013,CStar,"1,3"
2014,CStar,"1,2"
2015,CStar,"1,2"
2016,CStar,"1,2"
2017,CStar,"1,2"
2018,CStar,"1,1"
2019,CStar,"1,2"
2020,CStar,"1,1"
2021,CStar,"1,1"
2022,CStar,"1,1"
2023,CStar,"1,1"
2024,CStar,"1,0"
1989,Gulli,
1990,Gulli,
1991,Gulli,
1992,Gulli,
1993,Gulli,
1994,Gulli,
1995,Gulli,
1996,Gulli,
1997,Gulli,
1998,Gulli,
1999,Gulli,
2000,Gulli,
2001,Gulli,
2002,Gulli,
2003,Gulli,
2004,Gulli,
2005,Gulli,
2006,Gulli,
2007,Gulli,"0,8"
2008,Gulli,"1,5"
2009,Gulli,"1,8"
2010,Gulli,"2,2"
2011,Gulli,"2,1"
2012,Gulli,"1,9"
2013,Gulli,"1,7"
2014,Gulli,"1,8"
2015,Gulli,"1,6"
2016,Gulli,"1,6"
2017,Gulli,"1,6"
2018,Gulli,"1,7"
2019,Gulli,"1,4"
2020,Gulli,"1,3"
2021,Gulli,"1,2"
2022,Gulli,"1,2"
2023,Gulli,"1,0"
2024,Gulli,"1,1"
1989,France ï,
1990,France ï,
1991,France ï,
1992,France ï,
1993,France ï,
1994,France ï,
1995,France ï,
1996,France ï,
1997,France ï,
1998,France ï,
1999,France ï,
2000,France ï,
2001,France ï,
2002,France ï,
2003,France ï,
2004,France ï,
2005,France ï,
2006,France ï,
2007,France ï,
2008,France ï,
2009,France ï,
2010,France ï,
2011,France ï,
2012,France ï,
2013,France ï,
2014,France ï,"0,5"
2015,France ï,"0,6"
2016,France ï,"0,8"
2017,France ï,"0,6"
2018,France ï,
2019,France ï,
2020,France ï,
2021,France ï,
2022,France ï,
2023,France ï,
2024,France ï,
1989,TF1 sries films,
1990,TF1 sries films,
1991,TF1 sries films,
1992,TF1 sries films,
1993,TF1 sries films,
1994,TF1 sries films,
1995,TF1 sries films,
1996,TF1 sries films,
1997,TF1 sries films,
1998,TF1 sries films,
1999,TF1 sries films,
2000,TF1 sries films,
2001,TF1 sries films,
2002,TF1 sries films,
2003,TF1 sries films,
2004,TF1 sries films,
2005,TF1 sries films,
2006,TF1 sries films,
2007,TF1 sries films,
2008,TF1 sries films,
2009,TF1 sries films,
2010,TF1 sries films,
2011,TF1 sries films,
2012,TF1 sries films,
2013,TF1 sries films,"0,6"
2014,TF1 sries films,"0,9"
2015,TF1 sries films,"1,2"
2016,TF1 sries films,"1,8"
2017,TF1 sries films,"1,9"
2018,TF1 sries films,"1,8"
2019,TF1 sries films,"1,8"
2020,TF1 sries films,"1,8"
2021,TF1 sries films,"1,9"
2022,TF1 sries films,"1,7"
2023,TF1 sries films,"1,7"
2024,TF1 sries films,"1,8"
1989,L'Equipe,
1990,L'Equipe,
1991,L'Equipe,
1992,L'Equipe,
1993,L'Equipe,
1994,L'Equipe,
1995,L'Equipe,
1996,L'Equipe,
1997,L'Equipe,
1998,L'Equipe,
1999,L'Equipe,
2000,L'Equipe,
2001,L'Equipe,
2002,L'Equipe,
2003,L'Equipe,
2004,L'Equipe,
2005,L'Equipe,
2006,L'Equipe,
2007,L'Equipe,
2008,L'Equipe,
2009,L'Equipe,
2010,L'Equipe,
2011,L'Equipe,
2012,L'Equipe,
2013,L'Equipe,"0,2"
2014,L'Equipe,"0,4"
2015,L'Equipe,"0,6"
2016,L'Equipe,"0,9"
2017,L'Equipe,"1,1"
2018,L'Equipe,"1,2"
2019,L'Equipe,"1,4"
2020,L'Equipe,"1,3"
2021,L'Equipe,"1,5"
2022,L'Equipe,"1,5"
2023,L'Equipe,"1,6"
2024,L'Equipe,"1,4"
1989,6ter,
1990,6ter,
1991,6ter,
1992,6ter,
1993,6ter,
1994,6ter,
1995,6ter,
1996,6ter,
1997,6ter,
1998,6ter,
1999,6ter,
2000,6ter,
2001,6ter,
2002,6ter,
2003,6ter,
2004,6ter,
2005,6ter,
2006,6ter,
2007,6ter,
2008,6ter,
2009,6ter,
2010,6ter,
2011,6ter,
2012,6ter,
2013,6ter,"0,5"
2014,6ter,"0,7"
2015,6ter,"1,1"
2016,6ter,"1,4"
2017,6ter,"1,7"
2018,6ter,"1,6"
2019,6ter,"1,7"
2020,6ter,"1,7"
2021,6ter,"1,5"
2022,6ter,"1,6"
2023,6ter,"1,6"
2024,6ter,"1,7"
1989,RMC Story,
1990,RMC Story,
1991,RMC Story,
1992,RMC Story,
1993,RMC Story,
1994,RMC Story,
1995,RMC Story,
1996,RMC Story,
1997,RMC Story,
1998,RMC Story,
1999,RMC Story,
2000,RMC Story,
2001,RMC Story,
2002,RMC Story,
2003,RMC Story,
2004,RMC Story,
2005,RMC Story,
2006,RMC Story,
2007,RMC Story,
2008,RMC Story,
2009,RMC Story,
2010,RMC Story,
2011,RMC Story,
2012,RMC Story,
2013,RMC Story,"0,3"
2014,RMC Story,"0,5"
2015,RMC Story,"0,6"
2016,RMC Story,"0,8"
2017,RMC Story,"1,2"
2018,RMC Story,"1,4"
2019,RMC Story,"1,3"
2020,RMC Story,"1,5"
2021,RMC Story,"1,6"
2022,RMC Story,"1,9"
2023,RMC Story,"1,9"
2024,RMC Story,"1,8"
1989,RMC Dcouverte,
1990,RMC Dcouverte,
1991,RMC Dcouverte,
1992,RMC Dcouverte,
1993,RMC Dcouverte,
1994,RMC Dcouverte,
1995,RMC Dcouverte,
1996,RMC Dcouverte,
1997,RMC Dcouverte,
1998,RMC Dcouverte,
1999,RMC Dcouverte,
2000,RMC Dcouverte,
2001,RMC Dcouverte,
2002,RMC Dcouverte,
2003,RMC Dcouverte,
2004,RMC Dcouverte,
2005,RMC Dcouverte,
2006,RMC Dcouverte,
2007,RMC Dcouverte,
2008,RMC Dcouverte,
2009,RMC Dcouverte,
2010,RMC Dcouverte,
2011,RMC Dcouverte,
2012,RMC Dcouverte,
2013,RMC Dcouverte,"0,5"
2014,RMC Dcouverte,"1,0"
2015,RMC Dcouverte,"1,3"
2016,RMC Dcouverte,"1,8"
2017,RMC Dcouverte,"2,1"
2018,RMC Dcouverte,"2,2"
2019,RMC Dcouverte,"2,3"
2020,RMC Dcouverte,"2,3"
2021,RMC Dcouverte,2
2022,RMC Dcouverte,"1,9"
2023,RMC Dcouverte,"1,7"
2024,RMC Dcouverte,"1,8"
1989,Chrie 25,
1990,Chrie 25,
1991,Chrie 25,
1992,Chrie 25,
1993,Chrie 25,
1994,Chrie 25,
1995,Chrie 25,
1996,Chrie 25,
1997,Chrie 25,
1998,Chrie 25,
1999,Chrie 25,
2000,Chrie 25,
2001,Chrie 25,
2002,Chrie 25,
2003,Chrie 25,
2004,Chrie 25,
2005,Chrie 25,
2006,Chrie 25,
2007,Chrie 25,
2008,Chrie 25,
2009,Chrie 25,
2010,Chrie 25,
2011,Chrie 25,
2012,Chrie 25,
2013,Chrie 25,"0,2"
2014,Chrie 25,"0,3"
2015,Chrie 25,"0,7"
2016,Chrie 25,"1,1"
2017,Chrie 25,"1,1"
2018,Chrie 25,"1,1"
2019,Chrie 25,"1,1"
2020,Chrie 25,"1,1"
2021,Chrie 25,"1,2"
2022,Chrie 25,"1,3"
2023,Chrie 25,"1,2"
2024,Chrie 25,"1,3"
1989,LCI,
1990,LCI,
1991,LCI,
1992,LCI,
1993,LCI,
1994,LCI,
1995,LCI,
1996,LCI,
1997,LCI,
1998,LCI,
1999,LCI,
2000,LCI,
2001,LCI,
2002,LCI,
2003,LCI,
2004,LCI,
2005,LCI,
2006,LCI,
2007,LCI,
2008,LCI,
2009,LCI,
2010,LCI,
2011,LCI,
2012,LCI,
2013,LCI,
2014,LCI,
2015,LCI,
2016,LCI,"0,3"
2017,LCI,"0,6"
2018,LCI,"0,7"
2019,LCI,"1,0"
2020,LCI,"1,2"
2021,LCI,"1,1"
2022,LCI,"1,7"
2023,LCI,"2,0"
2024,LCI,"1,7"
1989,Franceinfo,
1990,Franceinfo,
1991,Franceinfo,
1992,Franceinfo,
1993,Franceinfo,
1994,Franceinfo,
1995,Franceinfo,
1996,Franceinfo,
1997,Franceinfo,
1998,Franceinfo,
1999,Franceinfo,
2000,Franceinfo,
2001,Franceinfo,
2002,Franceinfo,
2003,Franceinfo,
2004,Franceinfo,
2005,Franceinfo,
2006,Franceinfo,
2007,Franceinfo,
2008,Franceinfo,
2009,Franceinfo,
2010,Franceinfo,
2011,Franceinfo,
2012,Franceinfo,
2013,Franceinfo,
2014,Franceinfo,
2015,Franceinfo,
2016,Franceinfo,
2017,Franceinfo,"0,3"
2018,Franceinfo,"0,4"
2019,Franceinfo,"0,5"
2020,Franceinfo,"0,7"
2021,Franceinfo,"0,7"
2022,Franceinfo,"0,9"
2023,Franceinfo,"0,8"
2024,Franceinfo,"0,8"
